Time (Sec),Counts,Avg. Count,Count rate
600,161,168.666666666667,0.281111111111111
600,158,,
600,187,,
